{
"name": "UAE Business Directory",
"short_name": "Yello UAE",
"start_url": "/?utm_source=homescreen",
"display": "standalone",
"orientation" : "portrait",
"background_color": "#fff",
"theme_color": "#7fc6c8",
"description": "UAE Business Directory",
"icons": [
	{
	"src": "/favs/y/icon-36x36.png",
	"sizes": "36x36",
	"type": "image/png"
	},
	{
	"src": "/favs/y/icon-48x48.png",
	"sizes": "48x48",
	"type": "image/png"
	},
	{
	"src": "/favs/y/icon-72x72.png",
	"sizes": "72x72",
	"type": "image/png"
	},
	{
	"src": "/favs/y/icon-96x96.png",
	"sizes": "96x96",
	"type": "image/png"
	},
	{
	"src": "/favs/y/icon-144x144.png",
	"sizes": "144x144",
	"type": "image/png"
	},
	{
	"src": "/favs/y/icon-152x152.png",
	"sizes": "152x152",
	"type": "image/png"
	},
	{
	"src": "/favs/y/icon-192x192.png",
	"sizes": "192x192",
	"type": "image/png"
	}
]
}